iso_code,continent,location,date,total_cases,new_cases,total_deaths,new_deaths,total_cases_per_million,new_cases_per_million,total_deaths_per_million,new_deaths_per_million,new_tests,total_tests,total_tests_per_thousand,new_tests_per_thousand,new_tests_smoothed,new_tests_smoothed_per_thousand,tests_per_case,positive_rate,tests_units,stringency_index,population,population_density,median_age,aged_65_older,aged_70_older,gdp_per_capita,extreme_poverty,cardiovasc_death_rate,diabetes_prevalence,female_smokers,male_smokers,handwashing_facilities,hospital_beds_per_thousand,life_expectancy
ABW,North America,Aruba,2020-03-13,2.0,2.0,0.0,0.0,18.733,18.733,0.0,0.0,,,,,,,,,,0.0,106766.0,584.8,41.2,13.085,7.452,35973.781,,,11.62,,,,,76.29
ABW,North America,Aruba,2020-03-20,4.0,2.0,0.0,0.0,37.465,18.733,0.0,0.0,,,,,,,,,,33.33,106766.0,584.8,41.2,13.085,7.452,35973.781,,,11.62,,,,,76.29
ABW,North America,Aruba,2020-03-24,12.0,8.0,0.0,0.0,112.395,74.93,0.0,0.0,,,,,,,,,,44.44,106766.0,584.8,41.2,13.085,7.452,35973.781,,,11.62,,,,,76.29
ABW,North America,Aruba,2020-03-25,17.0,5.0,0.0,0.0,159.227,46.831,0.0,0.0,,,,,,,,,,44.44,106766.0,584.8,41.2,13.085,7.452,35973.781,,,11.62,,,,,76.29
ABW,North America,Aruba,2020-03-26,19.0,2.0,0.0,0.0,177.959,18.733,0.0,0.0,,,,,,,,,,44.44,106766.0,584.8,41.2,13.085,7.452,35973.781,,,11.62,,,,,76.29
ABW,North America,Aruba,2020-03-27,28.0,9.0,0.0,0.0,262.256,84.296,0.0,0.0,,,,,,,,,,44.44,106766.0,584.8,41.2,13.085,7.452,35973.781,,,11.62,,,,,76.29
ABW,North America,Aruba,2020-03-28,28.0,0.0,0.0,0.0,262.256,0.0,0.0,0.0,,,,,,,,,,44.44,106766.0,584.8,41.2,13.085,7.452,35973.781,,,11.62,,,,,76.29
ABW,North America,Aruba,2020-03-29,28.0,0.0,0.0,0.0,262.256,0.0,0.0,0.0,,,,,,,,,,85.19,106766.0,584.8,41.2,13.085,7.452,35973.781,,,11.62,,,,,76.29
ABW,North America,Aruba,2020-03-30,50.0,22.0,0.0,0.0,468.314,206.058,0.0,0.0,,,,,,,,,,85.19,106766.0,584.8,41.2,13.085,7.452,35973.781,,,11.62,,,,,76.29
ABW,North America,Aruba,2020-04-01,55.0,5.0,0.0,0.0,515.145,46.831,0.0,0.0,,,,,,,,,,85.19,106766.0,584.8,41.2,13.085,7.452,35973.781,,,11.62,,,,,76.29
ABW,North America,Aruba,2020-04-02,55.0,0.0,0.0,0.0,515.145,0.0,0.0,0.0,,,,,,,,,,85.19,106766.0,584.8,41.2,13.085,7.452,35973.781,,,11.62,,,,,76.29
ABW,North America,Aruba,2020-04-03,60.0,5.0,0.0,0.0,561.977,46.831,0.0,0.0,,,,,,,,,,85.19,106766.0,584.8,41.2,13.085,7.452,35973.781,,,11.62,,,,,76.29
ABW,North America,Aruba,2020-04-04,62.0,2.0,0.0,0.0,580.709,18.733,0.0,0.0,,,,,,,,,,85.19,106766.0,584.8,41.2,13.085,7.452,35973.781,,,11.62,,,,,76.29
ABW,North America,Aruba,2020-04-05,64.0,2.0,0.0,0.0,599.442,18.733,0.0,0.0,,,,,,,,,,85.19,106766.0,584.8,41.2,13.085,7.452,35973.781,,,11.62,,,,,76.29
ABW,North America,Aruba,2020-04-06,64.0,0.0,0.0,0.0,599.442,0.0,0.0,0.0,,,,,,,,,,85.19,106766.0,584.8,41.2,13.085,7.452,35973.781,,,11.62,,,,,76.29
ABW,North America,Aruba,2020-04-07,71.0,7.0,0.0,0.0,665.006,65.564,0.0,0.0,,,,,,,,,,85.19,106766.0,584.8,41.2,13.085,7.452,35973.781,,,11.62,,,,,76.29
ABW,North America,Aruba,2020-04-08,74.0,3.0,0.0,0.0,693.105,28.099,0.0,0.0,,,,,,,,,,85.19,106766.0,584.8,41.2,13.085,7.452,35973.781,,,11.62,,,,,76.29
ABW,North America,Aruba,2020-04-09,77.0,3.0,0.0,0.0,721.203,28.099,0.0,0.0,,,,,,,,,,85.19,106766.0,584.8,41.2,13.085,7.452,35973.781,,,11.62,,,,,76.29
ABW,North America,Aruba,2020-04-10,82.0,5.0,0.0,0.0,768.035,46.831,0.0,0.0,,,,,,,,,,88.89,106766.0,584.8,41.2,13.085,7.452,35973.781,,,11.62,,,,,76.29
ABW,North America,Aruba,2020-04-11,86.0,4.0,0.0,0.0,805.5,37.465,0.0,0.0,,,,,,,,,,85.19,106766.0,584.8,41.2,13.085,7.452,35973.781,,,11.62,,,,,76.29
ABW,North America,Aruba,2020-04-12,92.0,6.0,0.0,0.0,861.698,56.198,0.0,0.0,,,,,,,,,,88.89,106766.0,584.8,41.2,13.085,7.452,35973.781,,,11.62,,,,,76.29
ABW,North America,Aruba,2020-04-13,92.0,0.0,0.0,0.0,861.698,0.0,0.0,0.0,,,,,,,,,,88.89,106766.0,584.8,41.2,13.085,7.452,35973.781,,,11.62,,,,,76.29
ABW,North America,Aruba,2020-04-14,92.0,0.0,0.0,0.0,861.698,0.0,0.0,0.0,,,,,,,,,,85.19,106766.0,584.8,41.2,13.085,7.452,35973.781,,,11.62,,,,,76.29
ABW,North America,Aruba,2020-04-15,92.0,0.0,0.0,0.0,861.698,0.0,0.0,0.0,,,,,,,,,,85.19,106766.0,584.8,41.2,13.085,7.452,35973.781,,,11.62,,,,,76.29
ABW,North America,Aruba,2020-04-16,93.0,1.0,1.0,1.0,871.064,9.366,9.366,9.366,,,,,,,,,,85.19,106766.0,584.8,41.2,13.085,7.452,35973.781,,,11.62,,,,,76.29
ABW,North America,Aruba,2020-04-17,95.0,2.0,1.0,0.0,889.796,18.733,9.366,0.0,,,,,,,,,,85.19,106766.0,584.8,41.2,13.085,7.452,35973.781,,,11.62,,,,,76.29
ABW,North America,Aruba,2020-04-18,96.0,1.0,2.0,1.0,899.163,9.366,18.733,9.366,,,,,,,,,,85.19,106766.0,584.8,41.2,13.085,7.452,35973.781,,,11.62,,,,,76.29
ABW,North America,Aruba,2020-04-19,96.0,0.0,2.0,0.0,899.163,0.0,18.733,0.0,,,,,,,,,,85.19,106766.0,584.8,41.2,13.085,7.452,35973.781,,,11.62,,,,,76.29
ABW,North America,Aruba,2020-04-20,97.0,1.0,2.0,0.0,908.529,9.366,18.733,0.0,,,,,,,,,,85.19,106766.0,584.8,41.2,13.085,7.452,35973.781,,,11.62,,,,,76.29
ABW,North America,Aruba,2020-04-21,97.0,0.0,2.0,0.0,908.529,0.0,18.733,0.0,,,,,,,,,,85.19,106766.0,584.8,41.2,13.085,7.452,35973.781,,,11.62,,,,,76.29
ABW,North America,Aruba,2020-04-22,97.0,0.0,2.0,0.0,908.529,0.0,18.733,0.0,,,,,,,,,,85.19,106766.0,584.8,41.2,13.085,7.452,35973.781,,,11.62,,,,,76.29
ABW,North America,Aruba,2020-04-23,100.0,3.0,2.0,0.0,936.628,28.099,18.733,0.0,,,,,,,,,,85.19,106766.0,584.8,41.2,13.085,7.452,35973.781,,,11.62,,,,,76.29
ABW,North America,Aruba,2020-04-24,100.0,0.0,2.0,0.0,936.628,0.0,18.733,0.0,,,,,,,,,,85.19,106766.0,584.8,41.2,13.085,7.452,35973.781,,,11.62,,,,,76.29
ABW,North America,Aruba,2020-04-25,100.0,0.0,2.0,0.0,936.628,0.0,18.733,0.0,,,,,,,,,,85.19,106766.0,584.8,41.2,13.085,7.452,35973.781,,,11.62,,,,,76.29
ABW,North America,Aruba,2020-04-26,100.0,0.0,2.0,0.0,936.628,0.0,18.733,0.0,,,,,,,,,,85.19,106766.0,584.8,41.2,13.085,7.452,35973.781,,,11.62,,,,,76.29
ABW,North America,Aruba,2020-04-27,100.0,0.0,2.0,0.0,936.628,0.0,18.733,0.0,,,,,,,,,,85.19,106766.0,584.8,41.2,13.085,7.452,35973.781,,,11.62,,,,,76.29
ABW,North America,Aruba,2020-04-28,100.0,0.0,2.0,0.0,936.628,0.0,18.733,0.0,,,,,,,,,,85.19,106766.0,584.8,41.2,13.085,7.452,35973.781,,,11.62,,,,,76.29
ABW,North America,Aruba,2020-04-29,100.0,0.0,2.0,0.0,936.628,0.0,18.733,0.0,,,,,,,,,,85.19,106766.0,584.8,41.2,13.085,7.452,35973.781,,,11.62,,,,,76.29
ABW,North America,Aruba,2020-04-30,100.0,0.0,2.0,0.0,936.628,0.0,18.733,0.0,,,,,,,,,,85.19,106766.0,584.8,41.2,13.085,7.452,35973.781,,,11.62,,,,,76.29
ABW,North America,Aruba,2020-05-01,100.0,0.0,2.0,0.0,936.628,0.0,18.733,0.0,,,,,,,,,,85.19,106766.0,584.8,41.2,13.085,7.452,35973.781,,,11.62,,,,,76.29
ABW,North America,Aruba,2020-05-02,100.0,0.0,2.0,0.0,936.628,0.0,18.733,0.0,,,,,,,,,,85.19,106766.0,584.8,41.2,13.085,7.452,35973.781,,,11.62,,,,,76.29
ABW,North America,Aruba,2020-05-03,100.0,0.0,2.0,0.0,936.628,0.0,18.733,0.0,,,,,,,,,,85.19,106766.0,584.8,41.2,13.085,7.452,35973.781,,,11.62,,,,,76.29
ABW,North America,Aruba,2020-05-04,100.0,0.0,2.0,0.0,936.628,0.0,18.733,0.0,,,,,,,,,,81.48,106766.0,584.8,41.2,13.085,7.452,35973.781,,,11.62,,,,,76.29
ABW,North America,Aruba,2020-05-05,100.0,0.0,2.0,0.0,936.628,0.0,18.733,0.0,,,,,,,,,,81.48,106766.0,584.8,41.2,13.085,7.452,35973.781,,,11.62,,,,,76.29
ABW,North America,Aruba,2020-05-06,100.0,0.0,2.0,0.0,936.628,0.0,18.733,0.0,,,,,,,,,,81.48,106766.0,584.8,41.2,13.085,7.452,35973.781,,,11.62,,,,,76.29
ABW,North America,Aruba,2020-05-07,101.0,1.0,2.0,0.0,945.994,9.366,18.733,0.0,,,,,,,,,,81.48,106766.0,584.8,41.2,13.085,7.452,35973.781,,,11.62,,,,,76.29
ABW,North America,Aruba,2020-05-08,101.0,0.0,3.0,1.0,945.994,0.0,28.099,9.366,,,,,,,,,,81.48,106766.0,584.8,41.2,13.085,7.452,35973.781,,,11.62,,,,,76.29
ABW,North America,Aruba,2020-05-09,101.0,0.0,3.0,0.0,945.994,0.0,28.099,0.0,,,,,,,,,,81.48,106766.0,584.8,41.2,13.085,7.452,35973.781,,,11.62,,,,,76.29
ABW,North America,Aruba,2020-05-10,101.0,0.0,3.0,0.0,945.994,0.0,28.099,0.0,,,,,,,,,,81.48,106766.0,584.8,41.2,13.085,7.452,35973.781,,,11.62,,,,,76.29
ABW,North America,Aruba,2020-05-11,101.0,0.0,3.0,0.0,945.994,0.0,28.099,0.0,,,,,,,,,,81.48,106766.0,584.8,41.2,13.085,7.452,35973.781,,,11.62,,,,,76.29
ABW,North America,Aruba,2020-05-12,101.0,0.0,3.0,0.0,945.994,0.0,28.099,0.0,,,,,,,,,,81.48,106766.0,584.8,41.2,13.085,7.452,35973.781,,,11.62,,,,,76.29
ABW,North America,Aruba,2020-05-13,101.0,0.0,3.0,0.0,945.994,0.0,28.099,0.0,,,,,,,,,,81.48,106766.0,584.8,41.2,13.085,7.452,35973.781,,,11.62,,,,,76.29
ABW,North America,Aruba,2020-05-14,101.0,0.0,3.0,0.0,945.994,0.0,28.099,0.0,,,,,,,,,,81.48,106766.0,584.8,41.2,13.085,7.452,35973.781,,,11.62,,,,,76.29
ABW,North America,Aruba,2020-05-15,101.0,0.0,3.0,0.0,945.994,0.0,28.099,0.0,,,,,,,,,,81.48,106766.0,584.8,41.2,13.085,7.452,35973.781,,,11.62,,,,,76.29
ABW,North America,Aruba,2020-05-16,101.0,0.0,3.0,0.0,945.994,0.0,28.099,0.0,,,,,,,,,,81.48,106766.0,584.8,41.2,13.085,7.452,35973.781,,,11.62,,,,,76.29
ABW,North America,Aruba,2020-05-17,101.0,0.0,3.0,0.0,945.994,0.0,28.099,0.0,,,,,,,,,,81.48,106766.0,584.8,41.2,13.085,7.452,35973.781,,,11.62,,,,,76.29
ABW,North America,Aruba,2020-05-18,101.0,0.0,3.0,0.0,945.994,0.0,28.099,0.0,,,,,,,,,,48.15,106766.0,584.8,41.2,13.085,7.452,35973.781,,,11.62,,,,,76.29
ABW,North America,Aruba,2020-05-19,101.0,0.0,3.0,0.0,945.994,0.0,28.099,0.0,,,,,,,,,,48.15,106766.0,584.8,41.2,13.085,7.452,35973.781,,,11.62,,,,,76.29
ABW,North America,Aruba,2020-05-20,101.0,0.0,3.0,0.0,945.994,0.0,28.099,0.0,,,,,,,,,,48.15,106766.0,584.8,41.2,13.085,7.452,35973.781,,,11.62,,,,,76.29
ABW,North America,Aruba,2020-05-21,101.0,0.0,3.0,0.0,945.994,0.0,28.099,0.0,,,,,,,,,,48.15,106766.0,584.8,41.2,13.085,7.452,35973.781,,,11.62,,,,,76.29
ABW,North America,Aruba,2020-05-22,101.0,0.0,3.0,0.0,945.994,0.0,28.099,0.0,,,,,,,,,,48.15,106766.0,584.8,41.2,13.085,7.452,35973.781,,,11.62,,,,,76.29
ABW,North America,Aruba,2020-05-23,101.0,0.0,3.0,0.0,945.994,0.0,28.099,0.0,,,,,,,,,,48.15,106766.0,584.8,41.2,13.085,7.452,35973.781,,,11.62,,,,,76.29
ABW,North America,Aruba,2020-05-24,101.0,0.0,3.0,0.0,945.994,0.0,28.099,0.0,,,,,,,,,,48.15,106766.0,584.8,41.2,13.085,7.452,35973.781,,,11.62,,,,,76.29
ABW,North America,Aruba,2020-05-25,101.0,0.0,3.0,0.0,945.994,0.0,28.099,0.0,,,,,,,,,,48.15,106766.0,584.8,41.2,13.085,7.452,35973.781,,,11.62,,,,,76.29
ABW,North America,Aruba,2020-05-26,101.0,0.0,3.0,0.0,945.994,0.0,28.099,0.0,,,,,,,,,,48.15,106766.0,584.8,41.2,13.085,7.452,35973.781,,,11.62,,,,,76.29
ABW,North America,Aruba,2020-05-27,101.0,0.0,3.0,0.0,945.994,0.0,28.099,0.0,,,,,,,,,,48.15,106766.0,584.8,41.2,13.085,7.452,35973.781,,,11.62,,,,,76.29
ABW,North America,Aruba,2020-05-28,101.0,0.0,3.0,0.0,945.994,0.0,28.099,0.0,,,,,,,,,,44.44,106766.0,584.8,41.2,13.085,7.452,35973.781,,,11.62,,,,,76.29
ABW,North America,Aruba,2020-05-29,101.0,0.0,3.0,0.0,945.994,0.0,28.099,0.0,,,,,,,,,,44.44,106766.0,584.8,41.2,13.085,7.452,35973.781,,,11.62,,,,,76.29
ABW,North America,Aruba,2020-05-30,101.0,0.0,3.0,0.0,945.994,0.0,28.099,0.0,,,,,,,,,,44.44,106766.0,584.8,41.2,13.085,7.452,35973.781,,,11.62,,,,,76.29
ABW,North America,Aruba,2020-05-31,101.0,0.0,3.0,0.0,945.994,0.0,28.099,0.0,,,,,,,,,,38.89,106766.0,584.8,41.2,13.085,7.452,35973.781,,,11.62,,,,,76.29
ABW,North America,Aruba,2020-06-01,101.0,0.0,3.0,0.0,945.994,0.0,28.099,0.0,,,,,,,,,,38.89,106766.0,584.8,41.2,13.085,7.452,35973.781,,,11.62,,,,,76.29
ABW,North America,Aruba,2020-06-02,101.0,0.0,3.0,0.0,945.994,0.0,28.099,0.0,,,,,,,,,,38.89,106766.0,584.8,41.2,13.085,7.452,35973.781,,,11.62,,,,,76.29
ABW,North America,Aruba,2020-06-03,101.0,0.0,3.0,0.0,945.994,0.0,28.099,0.0,,,,,,,,,,38.89,106766.0,584.8,41.2,13.085,7.452,35973.781,,,11.62,,,,,76.29
ABW,North America,Aruba,2020-06-04,101.0,0.0,3.0,0.0,945.994,0.0,28.099,0.0,,,,,,,,,,38.89,106766.0,584.8,41.2,13.085,7.452,35973.781,,,11.62,,,,,76.29
ABW,North America,Aruba,2020-06-05,101.0,0.0,3.0,0.0,945.994,0.0,28.099,0.0,,,,,,,,,,38.89,106766.0,584.8,41.2,13.085,7.452,35973.781,,,11.62,,,,,76.29
ABW,North America,Aruba,2020-06-06,101.0,0.0,3.0,0.0,945.994,0.0,28.099,0.0,,,,,,,,,,38.89,106766.0,584.8,41.2,13.085,7.452,35973.781,,,11.62,,,,,76.29
ABW,North America,Aruba,2020-06-07,101.0,0.0,3.0,0.0,945.994,0.0,28.099,0.0,,,,,,,,,,38.89,106766.0,584.8,41.2,13.085,7.452,35973.781,,,11.62,,,,,76.29
ABW,North America,Aruba,2020-06-08,101.0,0.0,3.0,0.0,945.994,0.0,28.099,0.0,,,,,,,,,,38.89,106766.0,584.8,41.2,13.085,7.452,35973.781,,,11.62,,,,,76.29
ABW,North America,Aruba,2020-06-09,101.0,0.0,3.0,0.0,945.994,0.0,28.099,0.0,,,,,,,,,,38.89,106766.0,584.8,41.2,13.085,7.452,35973.781,,,11.62,,,,,76.29
ABW,North America,Aruba,2020-06-10,101.0,0.0,3.0,0.0,945.994,0.0,28.099,0.0,,,,,,,,,,32.41,106766.0,584.8,41.2,13.085,7.452,35973.781,,,11.62,,,,,76.29
ABW,North America,Aruba,2020-06-11,101.0,0.0,3.0,0.0,945.994,0.0,28.099,0.0,,,,,,,,,,32.41,106766.0,584.8,41.2,13.085,7.452,35973.781,,,11.62,,,,,76.29
ABW,North America,Aruba,2020-06-12,101.0,0.0,3.0,0.0,945.994,0.0,28.099,0.0,,,,,,,,,,32.41,106766.0,584.8,41.2,13.085,7.452,35973.781,,,11.62,,,,,76.29
ABW,North America,Aruba,2020-06-13,101.0,0.0,3.0,0.0,945.994,0.0,28.099,0.0,,,,,,,,,,32.41,106766.0,584.8,41.2,13.085,7.452,35973.781,,,11.62,,,,,76.29
ABW,North America,Aruba,2020-06-14,101.0,0.0,3.0,0.0,945.994,0.0,28.099,0.0,,,,,,,,,,32.41,106766.0,584.8,41.2,13.085,7.452,35973.781,,,11.62,,,,,76.29
ABW,North America,Aruba,2020-06-15,101.0,0.0,3.0,0.0,945.994,0.0,28.099,0.0,,,,,,,,,,32.41,106766.0,584.8,41.2,13.085,7.452,35973.781,,,11.62,,,,,76.29
ABW,North America,Aruba,2020-06-16,101.0,0.0,3.0,0.0,945.994,0.0,28.099,0.0,,,,,,,,,,32.41,106766.0,584.8,41.2,13.085,7.452,35973.781,,,11.62,,,,,76.29
ABW,North America,Aruba,2020-06-17,101.0,0.0,3.0,0.0,945.994,0.0,28.099,0.0,,,,,,,,,,32.41,106766.0,584.8,41.2,13.085,7.452,35973.781,,,11.62,,,,,76.29
ABW,North America,Aruba,2020-06-18,101.0,0.0,3.0,0.0,945.994,0.0,28.099,0.0,,,,,,,,,,32.41,106766.0,584.8,41.2,13.085,7.452,35973.781,,,11.62,,,,,76.29
ABW,North America,Aruba,2020-06-19,101.0,0.0,3.0,0.0,945.994,0.0,28.099,0.0,,,,,,,,,,32.41,106766.0,584.8,41.2,13.085,7.452,35973.781,,,11.62,,,,,76.29
ABW,North America,Aruba,2020-06-20,101.0,0.0,3.0,0.0,945.994,0.0,28.099,0.0,,,,,,,,,,32.41,106766.0,584.8,41.2,13.085,7.452,35973.781,,,11.62,,,,,76.29
ABW,North America,Aruba,2020-06-21,101.0,0.0,3.0,0.0,945.994,0.0,28.099,0.0,,,,,,,,,,32.41,106766.0,584.8,41.2,13.085,7.452,35973.781,,,11.62,,,,,76.29
ABW,North America,Aruba,2020-06-22,101.0,0.0,3.0,0.0,945.994,0.0,28.099,0.0,,,,,,,,,,32.41,106766.0,584.8,41.2,13.085,7.452,35973.781,,,11.62,,,,,76.29
ABW,North America,Aruba,2020-06-23,101.0,0.0,3.0,0.0,945.994,0.0,28.099,0.0,,,,,,,,,,32.41,106766.0,584.8,41.2,13.085,7.452,35973.781,,,11.62,,,,,76.29
ABW,North America,Aruba,2020-06-24,101.0,0.0,3.0,0.0,945.994,0.0,28.099,0.0,,,,,,,,,,32.41,106766.0,584.8,41.2,13.085,7.452,35973.781,,,11.62,,,,,76.29
ABW,North America,Aruba,2020-06-25,101.0,0.0,3.0,0.0,945.994,0.0,28.099,0.0,,,,,,,,,,32.41,106766.0,584.8,41.2,13.085,7.452,35973.781,,,11.62,,,,,76.29
ABW,North America,Aruba,2020-06-26,101.0,0.0,3.0,0.0,945.994,0.0,28.099,0.0,,,,,,,,,,32.41,106766.0,584.8,41.2,13.085,7.452,35973.781,,,11.62,,,,,76.29
ABW,North America,Aruba,2020-06-27,101.0,0.0,3.0,0.0,945.994,0.0,28.099,0.0,,,,,,,,,,32.41,106766.0,584.8,41.2,13.085,7.452,35973.781,,,11.62,,,,,76.29
ABW,North America,Aruba,2020-06-28,101.0,0.0,3.0,0.0,945.994,0.0,28.099,0.0,,,,,,,,,,32.41,106766.0,584.8,41.2,13.085,7.452,35973.781,,,11.62,,,,,76.29
ABW,North America,Aruba,2020-06-29,101.0,0.0,3.0,0.0,945.994,0.0,28.099,0.0,,,,,,,,,,32.41,106766.0,584.8,41.2,13.085,7.452,35973.781,,,11.62,,,,,76.29
ABW,North America,Aruba,2020-06-30,103.0,2.0,3.0,0.0,964.727,18.733,28.099,0.0,,,,,,,,,,32.41,106766.0,584.8,41.2,13.085,7.452,35973.781,,,11.62,,,,,76.29
ABW,North America,Aruba,2020-07-01,103.0,0.0,3.0,0.0,964.727,0.0,28.099,0.0,,,,,,,,,,32.41,106766.0,584.8,41.2,13.085,7.452,35973.781,,,11.62,,,,,76.29
ABW,North America,Aruba,2020-07-02,103.0,0.0,3.0,0.0,964.727,0.0,28.099,0.0,,,,,,,,,,32.41,106766.0,584.8,41.2,13.085,7.452,35973.781,,,11.62,,,,,76.29
ABW,North America,Aruba,2020-07-03,104.0,1.0,3.0,0.0,974.093,9.366,28.099,0.0,,,,,,,,,,32.41,106766.0,584.8,41.2,13.085,7.452,35973.781,,,11.62,,,,,76.29
ABW,North America,Aruba,2020-07-04,104.0,0.0,3.0,0.0,974.093,0.0,28.099,0.0,,,,,,,,,,32.41,106766.0,584.8,41.2,13.085,7.452,35973.781,,,11.62,,,,,76.29
ABW,North America,Aruba,2020-07-05,105.0,1.0,3.0,0.0,983.459,9.366,28.099,0.0,,,,,,,,,,32.41,106766.0,584.8,41.2,13.085,7.452,35973.781,,,11.62,,,,,76.29
ABW,North America,Aruba,2020-07-06,105.0,0.0,3.0,0.0,983.459,0.0,28.099,0.0,,,,,,,,,,32.41,106766.0,584.8,41.2,13.085,7.452,35973.781,,,11.62,,,,,76.29
ABW,North America,Aruba,2020-07-07,105.0,0.0,3.0,0.0,983.459,0.0,28.099,0.0,,,,,,,,,,32.41,106766.0,584.8,41.2,13.085,7.452,35973.781,,,11.62,,,,,76.29
ABW,North America,Aruba,2020-07-08,105.0,0.0,3.0,0.0,983.459,0.0,28.099,0.0,,,,,,,,,,32.41,106766.0,584.8,41.2,13.085,7.452,35973.781,,,11.62,,,,,76.29
ABW,North America,Aruba,2020-07-09,105.0,0.0,3.0,0.0,983.459,0.0,28.099,0.0,,,,,,,,,,32.41,106766.0,584.8,41.2,13.085,7.452,35973.781,,,11.62,,,,,76.29
ABW,North America,Aruba,2020-07-10,105.0,0.0,3.0,0.0,983.459,0.0,28.099,0.0,,,,,,,,,,32.41,106766.0,584.8,41.2,13.085,7.452,35973.781,,,11.62,,,,,76.29
ABW,North America,Aruba,2020-07-11,105.0,0.0,3.0,0.0,983.459,0.0,28.099,0.0,,,,,,,,,,32.41,106766.0,584.8,41.2,13.085,7.452,35973.781,,,11.62,,,,,76.29
ABW,North America,Aruba,2020-07-12,105.0,0.0,3.0,0.0,983.459,0.0,28.099,0.0,,,,,,,,,,32.41,106766.0,584.8,41.2,13.085,7.452,35973.781,,,11.62,,,,,76.29
ABW,North America,Aruba,2020-07-13,105.0,0.0,3.0,0.0,983.459,0.0,28.099,0.0,,,,,,,,,,32.41,106766.0,584.8,41.2,13.085,7.452,35973.781,,,11.62,,,,,76.29
ABW,North America,Aruba,2020-07-14,105.0,0.0,3.0,0.0,983.459,0.0,28.099,0.0,,,,,,,,,,32.41,106766.0,584.8,41.2,13.085,7.452,35973.781,,,11.62,,,,,76.29
ABW,North America,Aruba,2020-07-15,106.0,1.0,3.0,0.0,992.825,9.366,28.099,0.0,,,,,,,,,,32.41,106766.0,584.8,41.2,13.085,7.452,35973.781,,,11.62,,,,,76.29
ABW,North America,Aruba,2020-07-16,106.0,0.0,3.0,0.0,992.825,0.0,28.099,0.0,,,,,,,,,,32.41,106766.0,584.8,41.2,13.085,7.452,35973.781,,,11.62,,,,,76.29
ABW,North America,Aruba,2020-07-17,108.0,2.0,3.0,0.0,1011.558,18.733,28.099,0.0,,,,,,,,,,32.41,106766.0,584.8,41.2,13.085,7.452,35973.781,,,11.62,,,,,76.29
ABW,North America,Aruba,2020-07-18,108.0,0.0,3.0,0.0,1011.558,0.0,28.099,0.0,,,,,,,,,,32.41,106766.0,584.8,41.2,13.085,7.452,35973.781,,,11.62,,,,,76.29
ABW,North America,Aruba,2020-07-19,108.0,0.0,3.0,0.0,1011.558,0.0,28.099,0.0,,,,,,,,,,32.41,106766.0,584.8,41.2,13.085,7.452,35973.781,,,11.62,,,,,76.29
ABW,North America,Aruba,2020-07-20,113.0,5.0,3.0,0.0,1058.389,46.831,28.099,0.0,,,,,,,,,,32.41,106766.0,584.8,41.2,13.085,7.452,35973.781,,,11.62,,,,,76.29
ABW,North America,Aruba,2020-07-21,115.0,2.0,3.0,0.0,1077.122,18.733,28.099,0.0,,,,,,,,,,32.41,106766.0,584.8,41.2,13.085,7.452,35973.781,,,11.62,,,,,76.29
ABW,North America,Aruba,2020-07-22,117.0,2.0,3.0,0.0,1095.854,18.733,28.099,0.0,,,,,,,,,,32.41,106766.0,584.8,41.2,13.085,7.452,35973.781,,,11.62,,,,,76.29
ABW,North America,Aruba,2020-07-23,117.0,0.0,3.0,0.0,1095.854,0.0,28.099,0.0,,,,,,,,,,32.41,106766.0,584.8,41.2,13.085,7.452,35973.781,,,11.62,,,,,76.29
ABW,North America,Aruba,2020-07-24,117.0,0.0,3.0,0.0,1095.854,0.0,28.099,0.0,,,,,,,,,,32.41,106766.0,584.8,41.2,13.085,7.452,35973.781,,,11.62,,,,,76.29
ABW,North America,Aruba,2020-07-25,118.0,1.0,3.0,0.0,1105.221,9.366,28.099,0.0,,,,,,,,,,32.41,106766.0,584.8,41.2,13.085,7.452,35973.781,,,11.62,,,,,76.29
ABW,North America,Aruba,2020-07-26,119.0,1.0,3.0,0.0,1114.587,9.366,28.099,0.0,,,,,,,,,,32.41,106766.0,584.8,41.2,13.085,7.452,35973.781,,,11.62,,,,,76.29
ABW,North America,Aruba,2020-07-27,119.0,0.0,3.0,0.0,1114.587,0.0,28.099,0.0,,,,,,,,,,32.41,106766.0,584.8,41.2,13.085,7.452,35973.781,,,11.62,,,,,76.29
ABW,North America,Aruba,2020-07-28,119.0,0.0,3.0,0.0,1114.587,0.0,28.099,0.0,,,,,,,,,,32.41,106766.0,584.8,41.2,13.085,7.452,35973.781,,,11.62,,,,,76.29
ABW,North America,Aruba,2020-07-29,119.0,0.0,3.0,0.0,1114.587,0.0,28.099,0.0,,,,,,,,,,32.41,106766.0,584.8,41.2,13.085,7.452,35973.781,,,11.62,,,,,76.29
ABW,North America,Aruba,2020-07-30,119.0,0.0,3.0,0.0,1114.587,0.0,28.099,0.0,,,,,,,,,,32.41,106766.0,584.8,41.2,13.085,7.452,35973.781,,,11.62,,,,,76.29
ABW,North America,Aruba,2020-07-31,120.0,1.0,3.0,0.0,1123.953,9.366,28.099,0.0,,,,,,,,,,32.41,106766.0,584.8,41.2,13.085,7.452,35973.781,,,11.62,,,,,76.29
ABW,North America,Aruba,2020-08-01,121.0,1.0,3.0,0.0,1133.32,9.366,28.099,0.0,,,,,,,,,,32.41,106766.0,584.8,41.2,13.085,7.452,35973.781,,,11.62,,,,,76.29
ABW,North America,Aruba,2020-08-02,121.0,0.0,3.0,0.0,1133.32,0.0,28.099,0.0,,,,,,,,,,32.41,106766.0,584.8,41.2,13.085,7.452,35973.781,,,11.62,,,,,76.29
ABW,North America,Aruba,2020-08-03,122.0,1.0,3.0,0.0,1142.686,9.366,28.099,0.0,,,,,,,,,,32.41,106766.0,584.8,41.2,13.085,7.452,35973.781,,,11.62,,,,,76.29
ABW,North America,Aruba,2020-08-04,124.0,2.0,3.0,0.0,1161.418,18.733,28.099,0.0,,,,,,,,,,,106766.0,584.8,41.2,13.085,7.452,35973.781,,,11.62,,,,,76.29
ABW,North America,Aruba,2020-08-05,132.0,8.0,3.0,0.0,1236.349,74.93,28.099,0.0,,,,,,,,,,,106766.0,584.8,41.2,13.085,7.452,35973.781,,,11.62,,,,,76.29
ABW,North America,Aruba,2020-08-06,171.0,39.0,3.0,0.0,1601.633,365.285,28.099,0.0,,,,,,,,,,,106766.0,584.8,41.2,13.085,7.452,35973.781,,,11.62,,,,,76.29
